enrollee_id,target
23603,0.2866666666666667
22499,0.17333333333333334
10465,0.29333333333333333
8293,0.06333333333333334
4246,0.15666666666666668
29306,0.3466666666666667
23118,0.6166666666666667
32832,0.17666666666666667
13380,0.05333333333333334
16102,0.64
21761,0.34
26112,0.3107777777777778
24468,0.38
27200,0.49666666666666665
14341,0.043333333333333335
31993,0.4166666666666667
6811,0.67
8854,0.15666666666666668
9709,0.08666666666666667
24656,0.02666666666666667
8464,0.4866666666666667
14522,0.65
22739,0.23666666666666666
15368,0.20666666666666667
31516,0.27
23444,0.36333333333333334
19454,0.5366666666666666
7319,0.6233333333333333
32762,0.22333333333333333
28893,0.12
2334,0.22
27287,0.25
6470,0.05
5607,0.8766666666666667
1652,0.27
32671,0.6566666666666666
26165,0.38333333333333336
26033,0.02666666666666667
21060,0.33
1735,0.49666666666666665
12103,0.04666666666666667
1204,0.21666666666666667
2406,0.15666666666666668
22521,0.14666666666666667
32178,0.06
15624,0.32
5883,0.16
23845,0.06
3724,0.03
13252,0.35
22987,0.08333333333333333
10755,0.44
23310,0.7633333333333333
4780,0.13333333333333333
10577,0.38666666666666666
7756,0.74
17407,0.09
3940,0.043333333333333335
4775,0.06
29135,0.07333333333333333
23987,0.2633333333333333
28624,0.07333333333333333
24436,0.4066666666666667
14634,0.4066666666666667
20127,0.14333333333333334
21207,0.12333333333333334
20879,0.15
2879,0.22666666666666666
20912,0.2966666666666667
19212,0.06333333333333334
30182,0.33666666666666667
11573,0.23333333333333334
12721,0.17
17161,0.12
8857,0.04
7546,0.3566666666666667
18702,0.13333333333333333
11526,0.20666666666666667
24097,0.23
2477,0.4
14472,0.4033333333333333
312,0.006666666666666667
12342,0.5033333333333333
17790,0.4866666666666667
766,0.3
12396,0.6933333333333334
6825,0.10333333333333333
20581,0.66
30072,0.23
23143,0.09666666666666666
9627,0.32
18582,0.16333333333333333
1676,0.03666666666666667
9357,0.09
27993,0.14
8158,0.15666666666666668
21086,0.25333333333333335
10333,0.23666666666666666
18504,0.9233333333333333
27533,0.14666666666666667
4123,0.7033333333333334
5437,0.37333333333333335
10448,0.97
17868,0.16666666666666666
17398,0.6133333333333333
25573,0.23333333333333334
21458,0.63
20974,0.10333333333333333
5912,0.6766666666666666
709,0.3433333333333333
3089,0.7266666666666667
16437,0.12
15321,0.25333333333333335
15795,0.23666666666666666
18478,0.2733333333333333
528,0.19333333333333333
11315,0.23666666666666666
22769,0.65
26708,0.11333333333333333
4402,0.30333333333333334
23152,0.43
10359,0.22333333333333333
9179,0.42333333333333334
26693,0.7566666666666667
14196,0.31
16769,0.11333333333333333
5447,0.2833333333333333
6288,0.11666666666666667
28582,0.10666666666666667
21600,0.75
15597,0.23
15868,0.27666666666666667
3981,0.21333333333333335
4881,0.12333333333333334
32433,0.12
15798,0.2633333333333333
31076,0.17666666666666667
19845,0.26
28628,0.13
9610,0.1
25124,0.19666666666666666
25278,0.30333333333333334
12670,0.85
28725,0.11333333333333333
18514,0.78
2698,0.22666666666666666
3783,0.31666666666666665
33075,0.17
18468,0.7866666666666666
20936,0.14
2341,0.08333333333333333
22281,0.24666666666666667
31200,0.3433333333333333
15424,0.37666666666666665
31788,0.21333333333333335
10695,0.5666666666666667
5452,0.15333333333333332
32326,0.20333333333333334
277,0.44666666666666666
29616,0.07666666666666666
19536,0.8233333333333334
14326,0.14666666666666667
18191,0.20666666666666667
17629,0.09666666666666666
7988,0.08333333333333333
27623,0.46
20845,0.3
19308,0.17
12644,0.26666666666666666
6708,0.5866666666666667
1625,0.19666666666666666
27738,0.07333333333333333
10942,0.41333333333333333
15481,0.32666666666666666
10085,0.3466666666666667
18835,0.8066666666666666
15804,0.83
24330,0.5
11812,0.11
12863,0.3233333333333333
3172,0.08333333333333333
18080,0.08
27986,0.12666666666666668
31022,0.6066666666666667
32728,0.16
13376,0.61
3248,0.13333333333333333
28858,0.03666666666666667
14590,0.7266666666666667
16405,0.5266666666666666
7919,0.3
29661,0.4866666666666667
28749,0.08666666666666667
18329,0.24333333333333335
9212,0.6966666666666667
28006,0.25333333333333335
30804,0.2633333333333333
15664,0.23
9391,0.14333333333333334
25836,0.15666666666666668
14476,0.5133333333333333
1602,0.3566666666666667
7604,0.27
28697,0.35333333333333333
8908,0.32666666666666666
24469,0.49666666666666665
32290,0.29333333333333333
27040,0.34
16080,0.48
25525,0.11
5385,0.22391534391534398
12439,0.05333333333333334
4922,0.19333333333333333
12408,0.25333333333333335
2069,0.24333333333333335
306,0.29333333333333333
26113,0.23333333333333334
8866,0.4533333333333333
24338,0.7433333333333333
26881,0.013333333333333334
4165,0.12333333333333334
18995,0.13666666666666666
18459,0.03333333333333333
10870,0.67
281,0.22333333333333333
4313,0.3433333333333333
2310,0.3466666666666667
31155,0.92
23895,0.97
7572,0.2866666666666667
11022,0.11666666666666667
21964,0.01
2479,0.19333333333333333
8933,0.3333333333333333
138,0.16666666666666666
5846,0.06
12469,0.19666666666666666
2967,0.14333333333333334
3464,0.1
16177,0.13666666666666666
11991,0.35
19207,0.30333333333333334
21543,0.11
5414,0.36666666666666664
29017,0.17666666666666667
24758,0.05333333333333334
18181,0.5033333333333333
18335,0.6566666666666666
18223,0.30333333333333334
18603,0.09333333333333334
10764,0.07333333333333333
9226,0.7566666666666667
13923,0.3333333333333333
7493,0.1
6800,0.46
30234,0.1
31607,0.18666666666666668
29896,0.23
19912,0.29
11587,0.5433333333333333
32852,0.07666666666666666
7177,0.09666666666666666
28051,0.5433333333333333
25877,0.48333333333333334
11362,0.19
27324,0.58
6042,0.043333333333333335
4751,0.17666666666666667
11941,0.19666666666666666
30832,0.5066666666666667
18204,0.5633333333333334
13433,0.15333333333333332
33144,0.3
8247,0.06
23877,0.03666666666666667
2590,0.22
14824,0.09
29867,0.15333333333333332
4533,0.5233333333333333
5775,0.8266666666666667
16726,0.17
15415,0.10666666666666667
10323,0.07
9565,0.17333333333333334
10501,0.6133333333333333
8261,0.8627777777777778
19119,0.07666666666666666
32195,0.25
7219,0.6133333333333333
12099,0.2833333333333333
5987,0.09333333333333334
23035,0.8333333333333334
31842,0.21333333333333335
17819,0.6166666666666667
2800,0.06333333333333334
13520,0.2633333333333333
22951,0.04666666666666667
20915,0.9333333333333333
13458,0.24333333333333335
13547,0.08
11552,0.16333333333333333
15596,0.17
20950,0.31333333333333335
29308,0.23
20016,0.04666666666666667
9446,0.05333333333333334
7247,0.11666666666666667
11328,0.9066666666666666
26313,0.07666666666666666
9751,0.14
10415,0.07
9576,0.4866666666666667
32699,0.12
8624,0.17
17585,0.14
29646,0.73
24547,0.11333333333333333
16147,0.26
1192,0.24666666666666667
23086,0.42333333333333334
664,0.25333333333333335
15026,0.26666666666666666
9311,0.18
30556,0.6466666666666666
17965,0.36666666666666664
23197,0.06333333333333334
16397,0.24666666666666667
25796,0.7866666666666666
27599,0.6333333333333333
5963,0.12
28747,0.13
18347,0.84
4127,0.02666666666666667
32476,0.06
18680,0.02666666666666667
29747,0.25666666666666665
872,0.14333333333333334
9427,0.08333333333333333
17182,0.03333333333333333
17326,0.9
12200,0.1
21781,0.71
4577,0.6933333333333334
32769,0.32
2154,0.09666666666666666
491,0.08
32442,0.12
27997,0.07666666666666666
29160,0.24666666666666667
28026,0.6666666666666666
14721,0.05333333333333334
33190,0.19333333333333333
2524,0.7266666666666667
30172,0.16
11578,0.47
17801,0.43666666666666665
33274,0.22666666666666666
28141,0.83
5418,0.31333333333333335
15504,0.1
13683,0.22666666666666666
32402,0.26
31168,0.29333333333333333
17946,0.03666666666666667
5686,0.28
7342,0.32
2948,0.04666666666666667
33250,0.11666666666666667
11771,0.5366666666666666
32138,0.13666666666666666
30894,0.2633333333333333
10768,0.016666666666666666
26012,0.16
1586,0.2633333333333333
28314,0.05333333333333334
6283,0.19
16969,0.06833333333333333
16837,0.22666666666666666
15354,0.7233333333333334
14825,0.36
16220,0.06666666666666667
3494,0.31
23222,0.24666666666666667
6075,0.16666666666666666
1766,0.08716666666666666
28925,0.20333333333333334
8452,0.13666666666666666
13756,0.38333333333333336
31085,0.08333333333333333
1297,0.14
4254,0.08
14597,0.2866666666666667
10504,0.03333333333333333
26363,0.11666666666666667
10104,0.19333333333333333
1265,0.22
20324,0.7733333333333333
10249,0.4666666666666667
8097,0.22666666666666666
27168,0.17666666666666667
8739,0.07333333333333333
32192,0.06666666666666667
666,0.2
24305,0.08
10210,0.3
31875,0.27666666666666667
27160,0.21
9912,0.043333333333333335
16442,0.27666666666666667
17517,0.23
10924,0.19
15796,0.21
20452,0.3
893,0.12666666666666668
3684,0.12
19484,0.16666666666666666
258,0.27666666666666667
27274,0.14666666666666667
15082,0.023333333333333334
13763,0.3
31275,0.12666666666666668
3403,0.49333333333333335
24337,0.14333333333333334
1872,0.08666666666666667
15154,0.74
25343,0.1
22742,0.37333333333333335
1343,0.17333333333333334
14386,0.35
11840,0.29333333333333333
22847,0.24333333333333335
14389,0.4266666666666667
7491,0.023333333333333334
21376,0.8433333333333334
33231,0.31333333333333335
30845,0.5333333333333333
23109,0.016666666666666666
23525,0.22
24674,0.2833333333333333
33157,0.67
10840,0.03333333333333333
8793,0.17
1020,0.08333333333333333
1417,0.19
28125,0.0
16417,0.15666666666666668
20462,0.35
28256,0.22
32992,0.18
19219,0.10666666666666667
24877,0.02
28828,0.3
22052,0.29
20524,0.08
15152,0.3
32742,0.056666666666666664
22626,0.23666666666666666
31221,0.14
22319,0.37
22098,0.30666666666666664
17,0.68
20529,0.6933333333333334
16534,0.37
14864,0.15333333333333332
25368,0.2733333333333333
24262,0.53
23955,0.10666666666666667
19497,0.04666666666666667
27359,0.54
8336,0.30666666666666664
25048,0.31
10190,0.21
8883,0.21333333333333335
15313,0.41333333333333333
9589,0.46
18466,0.13333333333333333
15875,0.2733333333333333
2127,0.23666666666666666
13754,0.08
21319,0.87
29846,0.6566666666666666
29023,0.03333333333333333
19998,0.19666666666666666
13773,0.09666666666666666
22385,0.5233333333333333
27817,0.8466666666666667
2055,0.37
16176,0.16666666666666666
29878,0.15
30328,0.27
1755,0.06
31857,0.9133333333333333
32953,0.12
30594,0.07666666666666666
8706,0.10333333333333333
29201,0.09666666666666666
1139,0.27666666666666667
7882,0.17
25831,0.29
32128,0.16666666666666666
7104,0.25666666666666665
25881,0.81
25123,0.21
18930,0.16
24568,0.21666666666666667
29220,0.7633333333333333
9077,0.23333333333333334
15148,0.24
1389,0.016666666666666666
32984,0.11
30518,0.29
28357,0.016666666666666666
9540,0.3433333333333333
7047,0.7966666666666666
26299,0.34
26833,0.44333333333333336
25822,0.27666666666666667
5602,0.49
22651,0.6033333333333334
30126,0.2
27356,0.023333333333333334
10515,0.7333333333333333
5673,0.15
25239,0.33
23726,0.5166666666666667
30919,0.056666666666666664
20414,0.76
22299,0.23666666666666666
28056,0.19
25969,0.6433333333333333
5011,0.16
31745,0.15
16615,0.39
26515,0.5966666666666667
17735,0.35
14960,0.7133333333333334
30438,0.023333333333333334
2319,0.08
33150,0.31333333333333335
7935,0.36666666666666664
15260,0.09666666666666666
2903,0.33666666666666667
1596,0.2966666666666667
13926,0.5266666666666666
29485,0.2833333333333333
182,0.14
10186,0.2
27275,0.32666666666666666
16304,0.7783333333333333
18838,0.07666666666666666
8245,0.09
26826,0.08333333333333333
17813,0.08666666666666667
33031,0.05333333333333334
32118,0.23
133,0.17666666666666667
15437,0.38
7498,0.08
11259,0.3333333333333333
8045,0.57
24520,0.3433333333333333
18957,0.31333333333333335
32492,0.54
4909,0.36333333333333334
26920,0.36
25086,0.44666666666666666
11438,0.27696957671957684
26127,0.08
27690,0.19666666666666666
22304,0.3433333333333333
29084,0.0
23441,0.6033333333333334
24084,0.7366666666666667
19645,0.9333333333333333
30214,0.08333333333333333
28750,0.11333333333333333
6516,0.17
18026,0.023333333333333334
4792,0.23
10165,0.09
8157,0.26666666666666666
27539,0.10666666666666667
2438,0.25333333333333335
1688,0.5966666666666667
28444,0.09666666666666666
32901,0.27666666666666667
23573,0.17
23697,0.23333333333333334
10305,0.29333333333333333
531,0.006666666666666667
22411,0.6766666666666666
23069,0.22333333333333333
502,0.14333333333333334
12763,0.25666666666666665
16070,0.09
6005,0.77
26504,0.1492301587301587
11863,0.17333333333333334
16066,0.17666666666666667
28780,0.39
24835,0.17333333333333334
29385,0.043333333333333335
4815,0.09666666666666666
17534,0.08
18506,0.8133333333333334
22205,0.07666666666666666
29600,0.3466666666666667
23083,0.25333333333333335
12244,0.19333333333333333
22614,0.7066666666666667
25434,0.14666666666666667
22159,0.056666666666666664
33331,0.4533333333333333
32967,0.22
6836,0.43333333333333335
20485,0.08666666666666667
16762,0.16
25403,0.15
8502,0.1
17231,0.04
20674,0.04
19778,0.16
9712,0.15
21151,0.22666666666666666
1820,0.43666666666666665
12403,0.48
33253,0.06
3227,0.09666666666666666
26135,0.16666666666666666
26948,0.3333333333333333
15818,0.18
32538,0.3
19562,0.2633333333333333
31741,0.05333333333333334
27723,0.32
23588,0.39
13702,0.16
6915,0.21
7714,0.7066666666666667
5767,0.31
10673,0.4066666666666667
5535,0.20666666666666667
16656,0.3333333333333333
9676,0.006666666666666667
2866,0.16
10032,0.15333333333333332
3599,0.4033333333333333
6436,0.3433333333333333
15983,0.6033333333333334
31713,0.3333333333333333
5168,0.14666666666666667
7436,0.07333333333333333
15572,0.8633333333333333
13597,0.043333333333333335
4133,0.29
27850,0.04666666666666667
14847,0.2966666666666667
29004,0.043333333333333335
16549,0.09
24696,0.105
28508,0.91
32954,0.29333333333333333
26620,0.15666666666666668
3922,0.17333333333333334
3093,0.14666666666666667
26557,0.12333333333333334
17840,0.15666666666666668
32045,0.8133333333333334
8521,0.7466666666666667
12595,0.3466666666666667
7607,0.3466666666666667
3729,0.09333333333333334
9392,0.12333333333333334
16740,0.11666666666666667
22872,0.08
3688,0.14333333333333334
8557,0.20333333333333334
8128,0.83
32554,0.36333333333333334
19089,0.07333333333333333
5269,0.22
20530,0.9233333333333333
15919,0.10666666666666667
15114,0.02666666666666667
23676,0.22333333333333333
2202,0.14666666666666667
30450,0.23
31810,0.26666666666666666
32443,0.49
26529,0.29
25026,0.91
5707,0.16
5382,0.03
10178,0.08333333333333333
24448,0.03
5747,0.83
24692,0.2966666666666667
1889,0.37666666666666665
8683,0.03666666666666667
264,0.16
28967,0.4266666666666667
315,0.3566666666666667
5148,0.30333333333333334
13770,0.8
7303,0.06666666666666667
1477,0.51
22627,0.10333333333333333
19353,0.47333333333333333
299,0.23
22810,0.7833333333333333
19442,0.46
14246,0.2833333333333333
3002,0.37333333333333335
30290,0.19333333333333333
21562,0.06666666666666667
18231,0.23
13932,0.16333333333333333
16382,0.5033333333333333
10496,0.31333333333333335
7435,0.14333333333333334
11794,0.09666666666666666
22285,0.023333333333333334
26934,0.20333333333333334
10459,0.77
10929,0.1
10659,0.08333333333333333
32548,0.16
4239,0.05333333333333334
16496,0.43333333333333335
24083,0.8766666666666667
13076,0.19333333333333333
26145,0.14666666666666667
12842,0.05
13636,0.13333333333333333
7379,0.056666666666666664
9722,0.2833333333333333
26540,0.09333333333333334
4117,0.016666666666666666
32711,0.44
29391,0.8933333333333333
16144,0.15
24029,0.5633333333333334
13938,0.5566666666666666
27218,0.8133333333333334
1309,0.2833333333333333
25912,0.44
18482,0.88
25625,0.08
12066,0.4166666666666667
1004,0.10083333333333333
25779,0.29
20355,0.6666666666666666
2795,0.16
32485,0.3233333333333333
16185,0.13
211,0.11666666666666667
24406,0.3333333333333333
30257,0.7933333333333333
23205,0.04
19392,0.43
7150,0.2866666666666667
18987,0.9166666666666666
21048,0.34
27094,0.12
30761,0.5433333333333333
3104,0.26
22396,0.6766666666666666
14990,0.02666666666666667
28023,0.38666666666666666
17040,0.23666666666666666
1987,0.55
31941,0.11666666666666667
31327,0.11666666666666667
12013,0.04666666666666667
17330,0.15333333333333332
15498,0.37
29365,0.09666666666666666
5334,0.06333333333333334
11720,0.13666666666666666
2514,0.35
5796,0.38666666666666666
25215,0.7133333333333334
3869,0.11
18001,0.06666666666666667
6618,0.6833333333333333
26048,0.12
26584,0.13666666666666666
8139,0.05333333333333334
14851,0.08333333333333333
28922,0.06666666666666667
25901,0.7933333333333333
22475,0.19333333333333333
19233,0.10333333333333333
1015,0.04
8838,0.8733333333333333
7249,0.013333333333333334
17784,0.45666666666666667
16882,0.09
20202,0.11666666666666667
6189,0.15666666666666668
25245,0.6766666666666666
9080,0.6533333333333333
241,0.29333333333333333
12805,0.33
21837,0.5233333333333333
23156,0.2966666666666667
1486,0.11333333333333333
27518,0.11666666666666667
21065,0.04666666666666667
6658,0.12333333333333334
28990,0.4
15931,0.24
23875,0.79
16795,0.14333333333333334
27431,0.52
14978,0.02666666666666667
2636,0.57
19453,0.07333333333333333
27893,0.5433333333333333
17696,0.20666666666666667
19033,0.06333333333333334
19623,0.043333333333333335
2857,0.09666666666666666
2480,0.6866666666666666
14868,0.20333333333333334
28374,0.04666666666666667
12104,0.8133333333333334
22388,0.3933333333333333
6670,0.18666666666666668
33016,0.19
24327,0.4666666666666667
10512,0.39666666666666667
8936,0.06333333333333334
9393,0.5266666666666666
23028,0.25666666666666665
28739,0.32666666666666666
21118,0.23333333333333334
19906,0.17333333333333334
31901,0.3466666666666667
25795,0.09333333333333334
13973,0.4666666666666667
10211,0.05
31487,0.04666666666666667
6812,0.2733333333333333
6126,0.08666666666666667
2377,0.17333333333333334
8682,0.08666666666666667
14097,0.12666666666666668
15394,0.36666666666666664
11337,0.06333333333333334
29273,0.09333333333333334
31074,0.6733333333333333
7892,0.62
13649,0.6566666666666666
23814,0.27
31740,0.4
11396,0.023333333333333334
33153,0.6966666666666667
25878,0.32
24853,0.5633333333333334
17972,0.38
20030,0.07666666666666666
20806,0.17666666666666667
17916,0.23
15370,0.25333333333333335
6707,0.26666666666666666
31145,0.09
4010,0.24
24682,0.5733333333333334
21764,0.3566666666666667
13474,0.44666666666666666
23378,0.7966666666666666
14839,0.3933333333333333
20895,0.02
33315,0.06666666666666667
29279,0.06666666666666667
2836,0.13
17313,0.49333333333333335
7404,0.23666666666666666
1908,0.5933333333333334
5378,0.23
26355,0.44333333333333336
21045,0.18666666666666668
6386,0.34
17401,0.61
19789,0.49666666666666665
638,0.31333333333333335
2916,0.10333333333333333
29621,0.45
2255,0.30666666666666664
919,0.29333333333333333
4575,0.13333333333333333
13130,0.15
15252,0.14
11018,0.67
23119,0.06
15715,0.15666666666666668
2493,0.20666666666666667
23517,0.016666666666666666
21736,0.13
25685,0.4633333333333333
31401,0.08333333333333333
29161,0.16
14492,0.5266666666666666
25158,0.5166666666666667
11262,0.11333333333333333
22365,0.19666666666666666
16114,0.15666666666666668
776,0.04666666666666667
11068,0.38666666666666666
9166,0.64
31062,0.22
8082,0.27666666666666667
11591,0.06333333333333334
24634,0.12333333333333334
25392,0.05
16951,0.17333333333333334
30732,0.25666666666666665
10627,0.03666666666666667
7044,0.23
6669,0.03
25695,0.20666666666666667
7264,0.17333333333333334
24935,0.56
25626,0.08666666666666667
23206,0.08055555555555556
9748,0.16333333333333333
28239,0.20333333333333334
20704,0.5633333333333334
32772,0.25
8295,0.35333333333333333
32872,0.24666666666666667
31021,0.89
26820,0.18666666666666668
3206,0.20333333333333334
9054,0.33666666666666667
30349,0.3433333333333333
30074,0.18666666666666668
21443,0.6233333333333333
4096,0.06666666666666667
21093,0.42
29721,0.2
29420,0.23666666666666666
7273,0.26
28245,0.17
11870,0.39
5582,0.12666666666666668
18667,0.7933333333333333
512,0.17
29029,0.3233333333333333
26203,0.28
1501,0.13
2722,0.44333333333333336
32581,0.29333333333333333
15940,0.11
18284,0.21666666666666667
30017,0.64
15377,0.56
4887,0.07666666666666666
3133,0.43666666666666665
5554,0.16666666666666666
29569,0.21666666666666667
6700,0.06333333333333334
26593,0.16
19448,0.09666666666666666
31619,0.5933333333333334
18058,0.2833333333333333
2760,0.9766666666666667
28789,0.20666666666666667
2928,0.02666666666666667
2459,0.7133333333333334
4490,0.22666666666666666
31665,0.27666666666666667
11424,0.31666666666666665
21375,0.33666666666666667
20374,0.10333333333333333
20599,0.65
17781,0.09333333333333334
8581,0.6566666666666666
12145,0.05
20664,0.06
26394,0.7833333333333333
790,0.056666666666666664
4191,0.20666666666666667
23531,0.23666666666666666
32307,0.3
21183,0.01
7955,0.24
7517,0.12666666666666668
13343,0.19666666666666666
8301,0.7033333333333334
10018,0.14333333333333334
17002,0.07666666666666666
19084,0.07333333333333333
14862,0.20666666666666667
22131,0.15333333333333332
23971,0.5066666666666667
24356,0.5166666666666667
31172,0.5566666666666666
27017,0.2866666666666667
2774,0.24666666666666667
24035,0.06666666666666667
4131,0.33666666666666667
24750,0.2866666666666667
17799,0.21
7941,0.16666666666666666
17734,0.3566666666666667
841,0.46
1819,0.4033333333333333
7579,0.06
22128,0.03
5314,0.32
8986,0.5866666666666667
12509,0.07333333333333333
29967,0.10666666666666667
3273,0.20666666666666667
3367,0.22333333333333333
27494,0.12
10594,0.17333333333333334
26306,0.22833333333333333
12269,0.08666666666666667
16200,0.3233333333333333
21517,0.92
31342,0.07666666666666666
8224,0.23
14087,0.08333333333333333
5791,0.14666666666666667
27421,0.5166666666666667
16434,0.36333333333333334
27594,0.7866666666666666
18109,0.2
2030,0.03666666666666667
10741,0.7366666666666667
3538,0.023333333333333334
12326,0.24666666666666667
16008,0.8566666666666667
20864,0.3333333333333333
1128,0.4888888888888889
20395,0.28
11518,0.86
10358,0.2866666666666667
24183,0.16
17859,0.13333333333333333
25486,0.09666666666666666
27782,0.06
13672,0.49333333333333335
26994,0.0033333333333333335
30776,0.016666666666666666
32502,0.3233333333333333
25045,0.11666666666666667
22540,0.10333333333333333
17003,0.25
25210,0.11
33249,0.18333333333333332
31041,0.04
12882,0.11333333333333333
31241,0.06666666666666667
25815,0.24333333333333335
20186,0.23
12543,0.31
16459,0.15666666666666668
14537,0.35333333333333333
19366,0.6233333333333333
8608,0.24
6325,0.13666666666666666
13134,0.08333333333333333
22549,0.3
29680,0.06666666666666667
23981,0.18333333333333332
31600,0.21666666666666667
32239,0.15333333333333332
26362,0.2966666666666667
15197,0.11333333333333333
6592,0.15333333333333332
4986,0.07
14913,0.13333333333333333
20323,0.03
24883,0.3333333333333333
28479,0.24666666666666667
15406,0.36333333333333334
10386,0.35
4874,0.09
21641,0.17666666666666667
19526,0.5233333333333333
19108,0.17
29520,0.23666666666666666
3644,0.4766666666666667
5327,0.15
18448,0.14
5798,0.10333333333333333
14835,0.14666666666666667
12332,0.25
13265,0.023333333333333334
23145,0.11333333333333333
3230,0.03333333333333333
24182,0.18666666666666668
20926,0.29333333333333333
31866,0.04
28307,0.09
4858,0.6533333333333333
33232,0.7966666666666665
28148,0.05333333333333334
18328,0.3566666666666667
1944,0.72
28164,0.24
16173,0.1
24135,0.6633333333333333
7152,0.13666666666666666
20353,0.54
12910,0.27
12365,0.44
24329,0.24
17337,0.7366666666666667
7473,0.2966666666666667
32434,0.12
4198,0.42
5209,0.2733333333333333
19395,0.78
3472,0.10666666666666667
15822,0.07666666666666666
32988,0.5833333333333334
1883,0.02666666666666667
8635,0.02666666666666667
11052,0.27
32228,0.03666666666666667
3290,0.43333333333333335
15669,0.5166666666666667
6205,0.09333333333333334
28979,0.36333333333333334
25520,0.0033333333333333335
24818,0.09666666666666666
16269,0.21
22877,0.11333333333333333
6448,0.43666666666666665
15294,0.37666666666666665
7422,0.64
11987,0.16
29875,0.3933333333333333
15916,0.1
16543,0.19666666666666666
7423,0.2966666666666667
23248,0.17666666666666667
32169,0.14666666666666667
1961,0.5766666666666667
11116,0.056666666666666664
23470,0.13
16590,0.17666666666666667
4580,0.41333333333333333
19079,0.09666666666666666
9820,0.2866666666666667
27263,0.06666666666666667
10897,0.15666666666666668
15985,0.18333333333333332
5317,0.18
19633,0.7266666666666667
11092,0.19333333333333333
111,0.09
18452,0.2966666666666667
19689,0.72
29232,0.013333333333333334
27114,0.5833333333333334
10694,0.31333333333333335
16348,0.78
11281,0.03
4892,0.7733333333333333
27301,0.79
17942,0.17
15528,0.23
21624,0.043333333333333335
12959,0.4
22078,0.31
19700,0.12333333333333334
15764,0.09666666666666666
10511,0.24333333333333335
18365,0.09666666666666666
1655,0.12666666666666668
20638,0.96
27616,0.18
13769,0.19333333333333333
24832,0.22333333333333333
23718,0.2833333333333333
17077,0.16333333333333333
9736,0.2966666666666667
12118,0.4066666666666667
22869,0.22
24967,0.43
3495,0.32666666666666666
28412,0.23666666666666666
15463,0.58
30890,0.13333333333333333
22079,0.5133333333333333
32390,0.39666666666666667
24552,0.056666666666666664
3360,0.11666666666666667
6060,0.21666666666666667
21954,0.2
29839,0.7133333333333334
26762,0.05333333333333334
14939,0.2966666666666667
19436,0.5966666666666667
15017,0.31666666666666665
18094,0.7966666666666666
9693,0.016666666666666666
20336,0.07666666666666666
28805,0.21333333333333335
27005,0.3566666666666667
16211,0.22
31138,0.20666666666666667
8236,0.26
20859,0.17
31897,0.49888888888888894
9331,0.74
10003,0.4766666666666667
15257,0.14666666666666667
20252,0.28
26187,0.4533333333333333
15509,0.14666666666666667
30553,0.22333333333333333
22976,0.03666666666666667
28168,0.35333333333333333
27331,0.24666666666666667
28435,0.7866666666666666
11127,0.15
24473,0.10666666666666667
6604,0.23333333333333334
1430,0.33
31422,0.33666666666666667
17754,0.68
18600,0.7866666666666666
14812,0.21666666666666667
8486,0.5
17468,0.37333333333333335
28502,0.21333333333333335
27929,0.3466666666666667
27055,0.15
7839,0.02
2407,0.02
29633,0.37
23134,0.22
14043,0.19666666666666666
7252,0.56
26933,0.07
15016,0.26666666666666666
5248,0.6133333333333333
8027,0.34
8611,0.0033333333333333335
2848,0.056666666666666664
23357,0.36666666666666664
13661,0.08333333333333333
11815,0.04
29036,0.02666666666666667
13394,0.09
18939,0.15333333333333332
13378,0.12
1056,0.08333333333333333
28209,0.26666666666666666
23590,0.36
15753,0.7
10314,0.15666666666666668
6608,0.18333333333333332
16237,0.26
21320,0.6533333333333333
15721,0.12333333333333334
1427,0.31
31077,0.6733333333333333
14484,0.7433333333333333
21872,0.31666666666666665
22818,0.02666666666666667
10727,0.4633333333333333
18998,0.11
25613,0.4166666666666667
14544,0.2866666666666667
27129,0.16333333333333333
23384,0.7733333333333333
26294,0.38333333333333336
5732,0.13666666666666666
5177,0.18666666666666668
11749,0.07
25793,0.12
14142,0.08
4576,0.09333333333333334
5154,0.21333333333333335
26293,0.5433333333333333
15239,0.55
23545,0.27666666666666667
7054,0.22333333333333333
28407,0.25333333333333335
25182,0.15
7049,0.16666666666666666
22134,0.4
17289,0.23666666666666666
1077,0.01
20868,0.02666666666666667
23625,0.06333333333333334
27038,0.43
19905,0.13333333333333333
1867,0.7616666666666667
6211,0.03666666666666667
13886,0.11
33169,0.54
2096,0.16333333333333333
18386,0.73
6266,0.03666666666666667
9730,0.26
22307,0.05
26131,0.27
25563,0.27
30854,0.7733333333333333
28884,0.16333333333333333
16182,0.0
2828,0.08666666666666667
10061,0.09666666666666666
18172,0.35333333333333333
10453,0.3333333333333333
13488,0.07
1569,0.14
22084,0.06333333333333334
30991,0.08333333333333333
26217,0.15666666666666668
24288,0.5233333333333333
5306,0.2866666666666667
8354,0.91
21029,0.006666666666666667
27299,0.91
23583,0.04
2260,0.07333333333333333
4947,0.28
10402,0.9033333333333333
10441,0.22333333333333333
26737,0.036111111111111115
9949,0.21333333333333335
18923,0.17333333333333334
23512,0.016666666666666666
26201,0.16333333333333333
25597,0.11333333333333333
13459,0.3333333333333333
5200,0.6766666666666666
21020,0.02
13469,0.07
13978,0.17666666666666667
3503,0.31333333333333335
9935,0.37666666666666665
20403,0.9
24689,0.48333333333333334
3265,0.36
18826,0.15
15866,0.26
25630,0.11
32031,0.33
7110,0.05333333333333334
12034,0.15
19584,0.11333333333333333
22973,0.13666666666666666
20613,0.13
18318,0.61
25174,0.14333333333333334
5726,0.09333333333333334
189,0.19333333333333333
8984,0.06
1559,0.27
15889,0.12333333333333334
32109,0.13666666666666666
27238,0.8466666666666667
9823,0.16666666666666666
14427,0.8633333333333333
15004,0.18666666666666668
17858,0.33666666666666667
23237,0.10666666666666667
12815,0.06
30250,0.12666666666666668
13129,0.17333333333333334
6723,0.05
30422,0.23666666666666666
21153,0.23
21933,0.056666666666666664
32610,0.15
13035,0.06666666666666667
25921,0.20333333333333334
10187,0.08333333333333333
4706,0.16333333333333333
24863,0.20333333333333334
31334,0.04
12315,0.21333333333333335
16163,0.08666666666666667
6094,0.5666666666666667
14311,0.07333333333333333
18474,0.25
11202,0.46
2486,0.06666666666666667
27733,0.24
3632,0.23
32035,0.25333333333333335
11073,0.11
23289,0.08333333333333333
12402,0.25333333333333335
22559,0.49333333333333335
6192,0.04
19472,0.03333333333333333
30813,0.05333333333333334
8114,0.28
32655,0.94
24195,0.35
24091,0.16666666666666666
19515,0.2866666666666667
17777,0.02666666666666667
32024,0.31333333333333335
28315,0.58
700,0.056666666666666664
24278,0.63
6293,0.20666666666666667
32651,0.3566666666666667
2855,0.19333333333333333
10310,0.12666666666666668
31529,0.19333333333333333
33130,0.3333333333333333
21104,0.13333333333333333
20941,0.35333333333333333
12791,0.24
25068,0.84
32003,0.24333333333333335
13720,0.09
15957,0.45
31746,0.32666666666666666
1783,0.13333333333333333
15199,0.2733333333333333
9856,0.21666666666666667
6131,0.13666666666666666
22389,0.15666666666666668
6758,0.21333333333333335
28459,0.17333333333333334
16146,0.2966666666666667
7354,0.11666666666666667
3779,0.23
6790,0.39
27681,0.28
16350,0.10666666666666667
23922,0.3233333333333333
31068,0.3433333333333333
22444,0.2866666666666667
32391,0.7433333333333333
21478,0.6966666666666667
9411,0.44666666666666666
19665,0.7766666666666666
9439,0.41
2697,0.1
9181,0.2866666666666667
31454,0.41333333333333333
7317,0.3233333333333333
19364,0.15
31595,0.06666666666666667
24399,0.03
28992,0.6933333333333334
27790,0.25333333333333335
30545,0.22666666666666666
3601,0.09666666666666666
975,0.14
31263,0.08666666666666667
19470,0.07666666666666666
14682,0.44333333333333336
27730,0.38666666666666666
21256,0.20333333333333334
26677,0.26
13646,0.4033333333333333
25391,0.37333333333333335
9187,0.31
9538,0.0905
15491,0.07333333333333333
31309,0.05
6194,0.08666666666666667
28651,0.19333333333333333
27178,0.16666666666666666
31315,0.06666666666666667
16806,0.27
17112,0.02666666666666667
22455,0.20666666666666667
11354,0.4033333333333333
30623,0.52
29899,0.20333333333333334
13483,0.47
16857,0.47
22220,0.2966666666666667
30396,0.32666666666666666
23975,0.23666666666666666
16599,0.06
11323,0.2966666666666667
2160,0.25666666666666665
11238,0.49666666666666665
23822,0.5866666666666667
29481,0.17666666666666667
17776,0.25666666666666665
8393,0.006666666666666667
21476,0.32666666666666666
12354,0.29333333333333333
9169,0.32
32168,0.06666666666666667
10596,0.39666666666666667
18520,0.17666666666666667
20486,0.19333333333333333
9485,0.10333333333333333
9414,0.9116666666666666
23099,0.12
31090,0.51
1029,0.25333333333333335
17220,0.7733333333333333
12186,0.22
14570,0.32666666666666666
10664,0.26666666666666666
1972,0.5333333333333333
1881,0.77
983,0.2866666666666667
31913,0.2
25722,0.11333333333333333
33104,0.2
18371,0.4066666666666667
17103,0.33666666666666667
30309,0.2
31980,0.03666666666666667
24801,0.023333333333333334
4565,0.20666666666666667
26854,0.13666666666666666
7832,0.17666666666666667
16939,0.27
23909,0.19
14738,0.15666666666666668
9958,0.38666666666666666
29324,0.18
29760,0.2733333333333333
21847,0.3
4845,0.4766666666666667
28203,0.1
31599,0.04666666666666667
13169,0.05333333333333334
17639,0.18
18974,0.47333333333333333
30589,0.13
24865,0.3566666666666667
13992,0.043333333333333335
5245,0.38666666666666666
21274,0.043333333333333335
4326,0.5466666666666666
12743,0.27666666666666667
1722,0.15333333333333332
5647,0.36
564,0.6066666666666667
2786,0.2633333333333333
6849,0.16
30680,0.35
15602,0.15666666666666668
2999,0.42
23714,0.06
2032,0.6666666666666666
20850,0.08666666666666667
18257,0.16666666666666666
15217,0.25666666666666665
20379,0.6333333333333333
17371,0.7133333333333334
19914,0.006666666666666667
25167,0.83
24411,0.19333333333333333
25789,0.05
28052,0.21666666666666667
1919,0.33
27177,0.16666666666666666
6961,0.09
25600,0.24666666666666667
19235,0.2966666666666667
1251,0.13333333333333333
18821,0.09333333333333334
31479,0.07333333333333333
21098,0.2833333333333333
20182,0.24333333333333335
27194,0.13666666666666666
19085,0.13
20787,0.3233333333333333
25103,0.11333333333333333
14885,0.35333333333333333
19563,0.14333333333333334
20077,0.07333333333333333
27619,0.36666666666666664
1894,0.08666666666666667
13611,0.37333333333333335
4009,0.19
9503,0.19666666666666666
19126,0.14
17060,0.03
22483,0.44666666666666666
26442,0.4
26214,0.13666666666666666
1339,0.3233333333333333
3477,0.14333333333333334
5363,0.39666666666666667
28974,0.2
27462,0.03333333333333333
15612,0.6966666666666667
14486,0.57
5656,0.13666666666666666
14163,0.14666666666666667
23837,0.07
7366,0.2966666666666667
933,0.17666666666666667
30560,0.5633333333333334
6498,0.58
8469,0.9633333333333334
19503,0.7966666666666666
4168,0.19
15034,0.08333333333333333
30798,0.21
16189,0.39666666666666667
13915,0.06666666666666667
6164,0.06
21221,0.5233333333333333
20952,0.09
6327,0.02666666666666667
32372,0.13666666666666666
4476,0.4
2969,0.15666666666666668
18294,0.30333333333333334
347,0.04666666666666667
31427,0.37666666666666665
9006,0.8466666666666667
28512,0.3466666666666667
3642,0.6866666666666666
14604,0.4
13160,0.08333333333333333
8745,0.13666666666666666
14242,0.31666666666666665
32509,0.08666666666666667
22920,0.43333333333333335
30997,0.21333333333333335
3170,0.04666666666666667
289,0.31
27221,0.07
28837,0.22333333333333333
18625,0.01
11477,0.6833333333333333
32820,0.4666666666666667
11223,0.23666666666666666
12247,0.26666666666666666
16267,0.05333333333333334
8251,0.6166666666666667
19590,0.2633333333333333
27947,0.11333333333333333
12393,0.14
12179,0.3466666666666667
16634,0.11
23892,0.22666666666666666
27243,0.88
24828,0.31
23321,0.8833333333333333
15687,0.27666666666666667
6774,0.08
29080,0.59
18199,0.17333333333333334
24153,0.31333333333333335
9767,0.09666666666666666
26413,0.17333333333333334
2587,0.30333333333333334
8150,0.13
27750,0.016666666666666666
12031,0.4633333333333333
22473,0.6433333333333333
15220,0.056666666666666664
13105,0.09333333333333334
10839,0.18333333333333332
17465,0.33666666666666667
25195,0.85
18212,0.5766666666666667
15418,0.05333333333333334
26818,0.08666666666666667
2027,0.6666666666666666
5164,0.17666666666666667
14212,0.4266666666666667
13195,0.23666666666666666
11038,0.33
32494,0.05
8535,0.7766666666666666
1156,0.35
21542,0.08333333333333333
16792,0.08666666666666667
25433,0.9166666666666666
12778,0.2866666666666667
11242,0.016666666666666666
13429,0.006666666666666667
7972,0.22
993,0.18333333333333332
31645,0.6033333333333334
18195,0.11
26262,0.17666666666666667
4513,0.24333333333333335
23445,0.55
25987,0.29333333333333333
1856,0.15333333333333332
3992,0.09
26472,0.12
23278,0.4266666666666667
30159,0.14
24421,0.27
21884,0.07333333333333333
17246,0.64
29821,0.18333333333333332
11268,0.42333333333333334
32639,0.013333333333333334
22924,0.2966666666666667
5357,0.42
21456,0.05
8978,0.04
2787,0.15
28214,0.06666666666666667
21236,0.31333333333333335
33092,0.22333333333333333
23937,0.07
11997,0.22
10136,0.15333333333333332
3348,0.17
14744,0.06
16383,0.22666666666666666
12808,0.18333333333333332
21198,0.25333333333333335
3664,0.04666666666666667
33122,0.06666666666666667
29224,0.13666666666666666
9615,0.5566666666666666
9884,0.36
25736,0.06666666666666667
23097,0.17666666666666667
1102,0.31
19056,0.37
29117,0.3933333333333333
24075,0.62
9765,0.07666666666666666
15099,0.016666666666666666
32140,0.12666666666666668
2009,0.11666666666666667
29512,0.20666666666666667
13304,0.4633333333333333
24422,0.006666666666666667
8572,0.05333333333333334
30797,0.7
17831,0.8766666666666667
21007,0.04
2141,0.9433333333333334
30870,0.3
13336,0.7733333333333333
16906,0.12666666666666668
19805,0.6966666666666667
1761,0.15333333333333332
9409,0.31333333333333335
30920,0.05
14381,0.8366666666666667
8022,0.31666666666666665
9326,0.2866666666666667
14754,0.16333333333333333
1786,0.03666666666666667
30338,0.05
31616,0.18666666666666668
19312,0.18
1438,0.01
31370,0.2
3116,0.7566666666666667
6172,0.8566666666666667
307,0.45666666666666667
19446,0.8866666666666667
12578,0.18666666666666668
12995,0.05333333333333334
5207,0.7533333333333333
19143,0.21333333333333335
24379,0.5733333333333334
25335,0.10666666666666667
7073,0.7866666666666666
15036,0.2733333333333333
4642,0.27666666666666667
14578,0.49
7660,0.03333333333333333
22318,0.5866666666666667
15584,0.12333333333333334
29679,0.24333333333333335
32026,0.18333333333333332
5496,0.09333333333333334
6245,0.3433333333333333
19741,0.34
15765,0.19666666666666666
22878,0.26
23155,0.14666666666666667
10382,0.18
8221,0.19333333333333333
16754,0.08
29085,0.4666666666666667
30022,0.19333333333333333
26568,0.7366666666666667
859,0.01
25975,0.10333333333333333
23584,0.03666666666666667
2876,0.09333333333333334
18613,0.21666666666666667
11233,0.49666666666666665
31664,0.22666666666666666
21175,0.006666666666666667
4438,0.5666666666666667
9594,0.13666666666666666
8148,0.03
20654,0.72
5297,0.13333333333333333
6003,0.2
16864,0.6533333333333333
7889,0.21333333333333335
32161,0.29
29871,0.10333333333333333
16493,0.17333333333333334
28965,0.58
16588,0.49333333333333335
14739,0.24666666666666667
2899,0.59
10068,0.06
32287,0.23666666666666666
6248,0.2633333333333333
11875,0.49666666666666665
14407,0.24666666666666667
9053,0.31
2391,0.22
32217,0.4066666666666667
23061,0.42
12384,0.4066666666666667
32683,0.07333333333333333
21293,0.9633333333333334
25419,0.11666666666666667
141,0.26
25501,0.30666666666666664
28193,0.2866666666666667
679,0.20333333333333334
6196,0.10333333333333333
173,0.02
21804,0.05
12421,0.22666666666666666
9813,0.56
27079,0.18333333333333332
8947,0.2866666666666667
30207,0.48333333333333334
1801,0.12666666666666668
3365,0.08333333333333333
17419,0.2633333333333333
30256,0.24333333333333335
24811,0.11
2109,0.21
21401,0.25
4437,0.7233333333333334
31753,0.5566666666666666
17381,0.19333333333333333
14117,0.5
24494,0.43666666666666665
5731,0.13333333333333333
17354,0.2833333333333333
14094,0.25666666666666665
25863,0.7333333333333333
4612,0.13333333333333333
6399,0.18666666666666668
31737,0.006666666666666667
11716,0.24666666666666667
24137,0.7733333333333333
9860,0.1
31500,0.1
15641,0.37333333333333335
3983,0.1
23251,0.22666666666666666
31933,0.25333333333333335
8612,0.34
27982,0.32
23755,0.19333333333333333
16396,0.25666666666666665
18724,0.18666666666666668
13454,0.59
26182,0.37
29054,0.08666666666666667
8894,0.22
3705,0.25333333333333335
9277,0.2
8438,0.09333333333333334
23468,0.24333333333333335
17936,0.07333333333333333
2157,0.29333333333333333
22567,0.45666666666666667
29489,0.12
26531,0.5433333333333333
28714,0.08333333333333333
32080,0.6833333333333333
12048,0.11333333333333333
4824,0.23
25154,0.6933333333333334
12306,0.22666666666666666
14865,0.32
4510,0.023333333333333334
20726,0.02
31675,0.8833333333333333
7855,0.5266666666666666
21912,0.3466666666666667
7997,0.47333333333333333
8677,0.12333333333333334
4653,0.04666666666666667
32851,0.27666666666666667
11825,0.12666666666666668
32297,0.17333333333333334
33362,0.043333333333333335
9192,0.48333333333333334
27119,0.4066666666666667
5094,0.025555555555555554
20264,0.07666666666666666
7587,0.14333333333333334
26569,0.18666666666666668
32051,0.20333333333333334
4329,0.18
23782,0.08
21831,0.23666666666666666
20315,0.6166666666666667
3362,0.23666666666666666
8414,0.16333333333333333
18345,0.25
12006,0.4266666666666667
18027,0.38666666666666666
23661,0.2833333333333333
20316,0.39666666666666667
4124,0.12666666666666668
16354,0.4166666666666667
29060,0.09477777777777778
32706,0.16
24487,0.03666666666666667
11368,0.09666666666666666
20518,0.8933333333333333
30858,0.02666666666666667
10901,0.16666666666666666
23327,0.36333333333333334
8479,0.006666666666666667
17969,0.61
2186,0.04
17196,0.22666666666666666
15631,0.29
8981,0.29
15048,0.15666666666666668
30142,0.36666666666666664
19409,0.47
18840,0.35333333333333333
1292,0.2966666666666667
21405,0.4
10467,0.11666666666666667
26773,0.02
30106,0.08888888888888888
28229,0.19666666666666666
18725,0.12333333333333334
27459,0.23666666666666666
12028,0.79
21305,0.97
20417,0.23333333333333334
1047,0.37333333333333335
3878,0.42
18176,0.23333333333333334
10660,0.6366666666666667
962,0.5666666666666667
24627,0.2866666666666667
843,0.14333333333333334
2806,0.25666666666666665
19733,0.7066666666666667
10036,0.3933333333333333
8238,0.51
18086,0.27666666666666667
9678,0.44
5691,0.83
13247,0.4633333333333333
5360,0.09333333333333334
12634,0.44333333333333336
28723,0.22333333333333333
30042,0.2866666666666667
32302,0.29
25285,0.2
19231,0.37
14549,0.38
4877,0.04936507936507937
6879,0.7533333333333333
32803,0.18333333333333332
33076,0.7
6143,0.3
11445,0.16666666666666666
16478,0.07
7867,0.7966666666666666
26348,0.23666666666666666
24718,0.7333333333333333
6807,0.013333333333333334
23546,0.27
13759,0.11333333333333333
11969,0.8633333333333333
8770,0.32666666666666666
8631,0.25
7301,0.13
10001,0.2733333333333333
16368,0.27
14306,0.03
15642,0.11
20711,0.25666666666666665
13916,0.02
17588,0.15
24206,0.14666666666666667
12993,0.06333333333333334
29094,0.016666666666666666
11302,0.01
31636,0.12333333333333334
20022,0.16
30472,0.45666666666666667
19101,0.04
13138,0.11
33015,0.28
23480,0.07
27767,0.04
28520,0.22666666666666666
9440,0.42333333333333334
8630,0.43
31002,0.17666666666666667
14185,0.03333333333333333
20732,0.25666666666666665
10960,0.49
2526,0.10666666666666667
19959,0.09666666666666666
17663,0.08333333333333333
17123,0.43
2593,0.12333333333333334
1061,0.2966666666666667
32888,0.48
26169,0.88
18784,0.23666666666666666
7569,0.14
3813,0.07666666666666666
12487,0.23666666666666666
30881,0.29
7261,0.27666666666666667
13444,0.17666666666666667
28519,0.016666666666666666
9158,0.7
26404,0.6666666666666666
16131,0.19
225,0.08
7767,0.31666666666666665
22543,0.08666666666666667
6072,0.5833333333333334
33017,0.14333333333333334
24307,0.8366666666666667
29280,0.4866666666666667
2235,0.06333333333333334
12652,0.39666666666666667
15069,0.31333333333333335
21347,0.74
19091,0.06666666666666667
14875,0.04
20708,0.2
18390,0.28
6502,0.20666666666666667
20493,0.21
32809,0.7
9221,0.14666666666666667
26464,0.22
20603,0.13666666666666666
9539,0.023333333333333334
14706,0.23666666666666666
19534,0.07333333333333333
23158,0.17
25781,0.5633333333333334
15779,0.23333333333333334
11961,0.23666666666666666
24542,0.4266666666666667
15848,0.33666666666666667
11098,0.07333333333333333
29472,0.1
25470,0.3466666666666667
25388,0.5966666666666667
31034,0.19666666666666666
15610,0.49333333333333335
2719,0.06333333333333334
14475,0.09666666666666666
20766,0.4766666666666667
5827,0.18333333333333332
24435,0.15
13149,0.19666666666666666
3936,0.6866666666666666
2114,0.2
11612,0.05
16640,0.22
3102,0.1
16069,0.29333333333333333
32496,0.84
2639,0.24333333333333335
29037,0.11333333333333333
31703,0.82
31151,0.06666666666666667
9529,0.47333333333333333
3393,0.25
33041,0.10666666666666667
7502,0.14333333333333334
30077,0.45666666666666667
31983,0.16
4557,0.35333333333333333
23182,0.16
7989,0.7466666666666667
25489,0.15666666666666668
28153,0.08666666666666667
7331,0.3933333333333333
25760,0.31
32863,0.08666666666666667
12230,0.11666666666666667
19432,0.6266666666666667
15175,0.16333333333333333
25382,0.83
12271,0.013333333333333334
29957,0.11
2081,0.19333333333333333
20568,0.37666666666666665
10063,0.17
18113,0.10666666666666667
3837,0.5166666666666667
31008,0.08333333333333333
7665,0.31333333333333335
25460,0.08333333333333333
28467,0.14333333333333334
23812,0.26666666666666666
1217,0.39666666666666667
6533,0.5966666666666667
21192,0.3333333333333333
15964,0.27666666666666667
32310,0.01
30068,0.15
21676,0.16
22054,0.27666666666666667
16513,0.25333333333333335
9675,0.09
24541,0.7
8176,0.7233333333333334
6819,0.8733333333333333
22162,0.22666666666666666
12597,0.21333333333333335
7966,0.7033333333333334
19464,0.13666666666666666
17976,0.14
11399,0.63
29728,0.6633333333333333
6840,0.31666666666666665
20739,0.14666666666666667
7723,0.16666666666666666
3550,0.57
13880,0.27666666666666667
20744,0.1
10821,0.22
26167,0.4166666666666667
16324,0.8033333333333333
20998,0.15666666666666668
32069,0.0033333333333333335
5253,0.9633333333333334
26125,0.02
19658,0.02
16494,0.07
28944,0.44666666666666666
22236,0.18
3989,0.2866666666666667
21412,0.25666666666666665
26761,0.02666666666666667
26955,0.48333333333333334
11508,0.7666666666666667
1592,0.26666666666666666
12125,0.24333333333333335
12864,0.16666666666666666
19488,0.06666666666666667
24374,0.81
5231,0.18
21369,0.36333333333333334
6995,0.056666666666666664
5420,0.24
18229,0.11666666666666667
26898,0.35
4447,0.5933333333333334
32814,0.043333333333333335
29448,0.07333333333333333
6111,0.33666666666666667
21222,0.4666666666666667
13493,0.21666666666666667
15249,0.38
14437,0.38
17331,0.006666666666666667
1264,0.11333333333333333
31143,0.08666666666666667
13537,0.13
17645,0.18666666666666668
25916,0.3933333333333333
11780,0.023333333333333334
17536,0.04
17402,0.4533333333333333
26759,0.81
23914,0.37
8763,0.15
12713,0.22666666666666666
19050,0.30666666666666664
15679,0.17
12433,0.12
17500,0.04666666666666667
1782,0.7241666666666666
33152,0.82
12591,0.10666666666666667
14666,0.72
17805,0.016666666666666666
1261,0.23333333333333334
17278,0.37333333333333335
17691,0.14333333333333334
10450,0.8883333333333333
24151,0.5566666666666666
23146,0.03666666666666667
19495,0.35333333333333333
18605,0.7733333333333333
30561,0.6933333333333334
26170,0.7833333333333333
7682,0.17333333333333334
845,0.006666666666666667
2279,0.7733333333333333
74,0.82
7113,0.03
7637,0.36
28633,0.68
29249,0.47
32678,0.5333333333333333
2700,0.48333333333333334
17738,0.23
13545,0.02666666666666667
22960,0.22666666666666666
154,0.18
7671,0.23666666666666666
7337,0.07333333333333333
10635,0.23
18447,0.06333333333333334
31480,0.17333333333333334
29051,0.20333333333333334
8673,0.16333333333333333
31949,0.17666666666666667
24546,0.08666666666666667
2842,0.41333333333333333
9249,0.0033333333333333335
440,0.24666666666666667
5577,0.63
16451,0.66
17341,0.11
17159,0.3233333333333333
22386,0.3566666666666667
18410,0.38
26134,0.11333333333333333
24714,0.48
14314,0.02666666666666667
25386,0.32666666666666666
22249,0.01
397,0.48333333333333334
15520,0.41
29980,0.5566666666666666
5761,0.006666666666666667
14270,0.05
24798,0.10166666666666667
29227,0.57
4468,0.11666666666666667
14102,0.21666666666666667
32998,0.13333333333333333
29244,0.15666666666666668
24796,0.1659087301587302
444,0.05333333333333334
17156,0.09333333333333334
12188,0.5433333333333333
27104,0.25666666666666665
13479,0.7066666666666667
2389,0.26666666666666666
30494,0.6966666666666667
27488,0.29
32517,0.056666666666666664
28546,0.25333333333333335
26274,0.11333333333333333
28045,0.42
7629,0.06
27485,0.19
24348,0.43666666666666665
32054,0.6033333333333334
25593,0.33
20911,0.5033333333333333
7692,0.43333333333333335
18173,0.5233333333333333
18980,0.15666666666666668
8680,0.09
23871,0.1
16793,0.11666666666666667
25521,0.06333333333333334
11879,0.07333333333333333
7336,0.07
20729,0.2
3310,0.18666666666666668
12849,0.03333333333333333
4831,0.31333333333333335
21791,0.12
28843,0.16
21288,0.82
14040,0.23
16335,0.18333333333333332
28685,0.26
20225,0.30333333333333334
27316,0.35333333333333333
4207,0.04
2868,0.4033333333333333
9532,0.19
13025,0.11333333333333333
28615,0.1
28296,0.19
6236,0.3466666666666667
7681,0.19333333333333333
20294,0.19333333333333333
8119,0.7533333333333333
10224,0.10333333333333333
27377,0.25666666666666665
28266,0.41
11462,0.22333333333333333
25911,0.30666666666666664
7515,0.35333333333333333
31725,0.33666666666666667
10784,0.25333333333333335
4784,0.22333333333333333
24011,0.16
14084,0.3566666666666667
14391,0.7633333333333333
13625,0.32
24009,0.62
18376,0.15333333333333332
19373,0.29
8131,0.24333333333333335
19691,0.24
24229,0.15666666666666668
21446,0.6666666666666666
14999,0.06
26079,0.42333333333333334
26976,0.07333333333333333
28791,0.30666666666666664
11010,0.21666666666666667
23264,0.16333333333333333
27277,0.14
10851,0.98
15238,0.35333333333333333
26607,0.20333333333333334
18577,0.63
23905,0.26
28382,0.05333333333333334
23391,0.3233333333333333
31964,0.15666666666666668
27825,0.3566666666666667
31366,0.10333333333333333
9315,0.47
20060,0.5833333333333334
24127,0.25666666666666665
19854,0.14
10538,0.38333333333333336
26160,0.3333333333333333
14759,0.36666666666666664
15119,0.056666666666666664
30558,0.71
22667,0.043333333333333335
18501,0.16333333333333333
24946,0.17333333333333334
23967,0.25333333333333335
32884,0.43666666666666665
12281,0.3433333333333333
11709,0.20666666666666667
16682,0.4633333333333333
12231,0.016666666666666666
31642,0.3433333333333333
24291,0.05
23615,0.18
32032,0.16
2619,0.04
18852,0.12
30562,0.27666666666666667
15736,0.02
31346,0.16666666666666666
30335,0.83
30303,0.06333333333333334
14761,0.6266666666666667
11556,0.17333333333333334
10154,0.33
7971,0.01
18646,0.24666666666666667
23516,0.36333333333333334
554,0.07333333333333333
28804,0.14
16800,0.32666666666666666
15209,0.2
16609,0.13
12918,0.3233333333333333
840,0.13
15193,0.08
8507,0.2
1446,0.06666666666666667
5704,0.6033333333333334
12622,0.3
25441,0.35
13799,0.056666666666666664
11954,0.2
25875,0.88
18045,0.14666666666666667
15319,0.26
12376,0.31666666666666665
5398,0.36333333333333334
29363,0.25
33213,0.12
19582,0.29
16901,0.11
2988,0.18
18984,0.23
2145,0.03666666666666667
9851,0.17666666666666667
26551,0.25666666666666665
6719,0.0033333333333333335
3913,0.15666666666666668
26721,0.41
26988,0.07666666666666666
8592,0.28
10798,0.2966666666666667
28413,0.25333333333333335
8449,0.1
4283,0.01
1562,0.47
7684,0.6933333333333334
29197,0.18333333333333332
29714,0.2966666666666667
7427,0.4866666666666667
5824,0.19666666666666666
5749,0.5433333333333333
22355,0.16466666666666666
29466,0.04
25363,0.19333333333333333
12556,0.29333333333333333
5583,0.07333333333333333
8379,0.24
30052,0.38333333333333336
7217,0.19333333333333333
9099,0.47333333333333333
23369,0.17333333333333334
6802,0.13666666666666666
26185,0.12666666666666668
5688,0.7766666666666666
22800,0.18333333333333332
5198,0.7266666666666667
12111,0.19666666666666666
21137,0.14
31461,0.5466666666666666
18744,0.6433333333333333
22908,0.0033333333333333335
23497,0.31666666666666665
8605,0.4533333333333333
30995,0.25666666666666665
28034,0.35
18861,0.38
30211,0.4
5340,0.06333333333333334
17235,0.2833333333333333
22157,0.9433333333333334
13487,0.04666666666666667
25487,0.20333333333333334
27280,0.15333333333333332
21997,0.06666666666666667
26880,0.4266666666666667
25611,0.4633333333333333
28705,0.09
23141,0.13
13512,0.29
23429,0.15
22378,0.23666666666666666
23708,0.056666666666666664
8254,0.18333333333333332
15042,0.7833333333333333
22538,0.31666666666666665
27926,0.33
7746,0.4533333333333333
5216,0.27666666666666667
1859,0.24666666666666667
22926,0.4
13618,0.3233333333333333
29594,0.07
4162,0.31
32324,0.11333333333333333
31117,0.38
27397,0.24
32425,0.14666666666666667
21215,0.056666666666666664
14400,0.5333333333333333
13237,0.16333333333333333
17448,0.22333333333333333
32338,0.41333333333333333
24150,0.6933333333333334
20212,0.0
5463,0.8533333333333334
29824,0.35333333333333333
16262,0.10333333333333333
6644,0.3933333333333333
7961,0.32666666666666666
31075,0.6633333333333333
2771,0.6866666666666666
31248,0.25333333333333335
12458,0.06333333333333334
24609,0.13
8569,0.25
32148,0.016666666666666666
29700,0.2966666666666667
31985,0.16666666666666666
6145,0.17666666666666667
31603,0.14666666666666667
27958,0.19
24500,0.27
9043,0.86
14858,0.30333333333333334
7413,0.11333333333333333
13804,0.19333333333333333
67,0.23666666666666666
16676,0.13333333333333333
19456,0.49
11732,0.13
5470,0.16666666666666666
30989,0.13666666666666666
30121,0.10333333333333333
20290,0.2833333333333333
19913,0.20666666666666667
29774,0.11
28966,0.18666666666666668
11595,0.24666666666666667
8627,0.23
15001,0.07666666666666666
10257,0.0033333333333333335
23101,0.6833333333333333
17967,0.056666666666666664
1619,0.21666666666666667
25850,0.38
16512,0.24333333333333335
31920,0.2966666666666667
23208,0.36
20220,0.17666666666666667
17511,0.006666666666666667
21882,0.15333333333333332
8075,0.24333333333333335
4327,0.16
31207,0.2733333333333333
11454,0.02
13281,0.12
6071,0.15333333333333332
15915,0.18
23696,0.5566666666666666
27696,0.10666666666666667
14641,0.15666666666666668
1990,0.9266666666666666
20658,0.24
29971,0.23
27480,0.25333333333333335
24015,0.5933333333333334
24354,0.73
32784,0.14666666666666667
8374,0.16
2294,0.23666666666666666
12899,0.13
24919,0.5366666666666666
19148,0.12333333333333334
23422,0.97
15873,0.15666666666666668
1933,0.6833333333333333
1730,0.85
15611,0.16333333333333333
19984,0.5366666666666666
11555,0.05
22546,0.9033333333333333
16340,0.26
20494,0.17666666666666667
2820,0.10333333333333333
10180,0.03
11988,0.03
29367,0.22333333333333333
25477,0.14333333333333334
20207,0.15
28538,0.08333333333333333
32909,0.54
28817,0.3333333333333333
10152,0.06
5666,0.02
27732,0.12
7917,0.39
13442,0.20333333333333334
30186,0.3233333333333333
7338,0.17
30575,0.13
23447,0.17666666666666667
18965,0.08
30082,0.2733333333333333
5278,0.72
26960,0.17666666666666667
29331,0.07333333333333333
21452,0.24666666666666667
8775,0.15333333333333332
22771,0.23
1555,0.18333333333333332
33131,0.3233333333333333
14199,0.10666666666666667
20153,0.54
13354,0.22333333333333333
10535,0.22666666666666666
19592,0.44
31602,0.01
27025,0.023333333333333334
9183,0.5766666666666667
14095,0.44666666666666666
1789,0.4066666666666667
3935,0.2
16685,0.82
20970,0.23
30616,0.22
8848,0.15
3591,0.19333333333333333
16887,0.08
17553,0.07666666666666666
19027,0.05333333333333334
18144,0.08666666666666667
7634,0.03333333333333333
19045,0.18333333333333332
16608,0.3433333333333333
11174,0.12
31792,0.31666666666666665
17998,0.3933333333333333
4064,0.24666666666666667
1479,0.15
17964,0.05333333333333334
21589,0.15
23953,0.4666666666666667
8435,0.24666666666666667
7574,0.07666666666666666
14787,0.8333333333333334
2031,0.08666666666666667
29672,0.23
6468,0.2
17343,0.4766666666666667
29777,0.15333333333333332
6886,0.16333333333333333
28751,0.17666666666666667
14335,0.79
15247,0.29333333333333333
9290,0.19
8285,0.09666666666666666
12117,0.25333333333333335
12310,0.23666666666666666
17560,0.4666666666666667
14775,0.19
580,0.11666666666666667
10315,0.12
16735,0.056666666666666664
25869,0.25666666666666665
23649,0.12
27212,0.013333333333333334
7407,0.32
6737,0.3333333333333333
11548,0.34
11286,0.34
19098,0.10666666666666667
10306,0.20333333333333334
29449,0.4633333333333333
12088,0.03333333333333333
11822,0.15333333333333332
2974,0.09
24308,0.7366666666666667
12925,0.38
1760,0.18333333333333332
1369,0.07
14213,0.33
781,0.20333333333333334
83,0.7666666666666667
348,0.22
28627,0.0
3785,0.12
25733,0.24666666666666667
5716,0.03666666666666667
27742,0.18
33161,0.14666666666666667
2914,0.17333333333333334
14793,0.06333333333333334
10020,0.2966666666666667
28634,0.22
11920,0.19666666666666666
31986,0.6733333333333333
29497,0.043333333333333335
17615,0.016666666666666666
30950,0.21333333333333335
32688,0.21
25913,0.77
12090,0.06666666666666667
14425,0.5433333333333333
16907,0.9166666666666666
20958,0.25333333333333335
1066,0.09333333333333334
4977,0.6566666666666666
27313,0.09333333333333334
767,0.18
32523,0.056666666666666664
33176,0.5
23394,0.2633333333333333
25742,0.23333333333333334
1756,0.29
3638,0.2866666666666667
30984,0.04
1774,0.15666666666666668
23940,0.36666666666666664
13540,0.12
27758,0.3433333333333333
13038,0.12
5128,0.03666666666666667
22663,0.17666666666666667
32121,0.06666666666666667
32317,0.38666666666666666
18829,0.5666666666666667
7735,0.11333333333333333
14655,0.056666666666666664
15516,0.21666666666666667
21990,0.76
10786,0.10666666666666667
6234,0.20333333333333334
30853,0.15333333333333332
32135,0.29333333333333333
3223,0.39666666666666667
32826,0.22666666666666666
28430,0.21666666666666667
31482,0.8533333333333334
11919,0.26
3178,0.19333333333333333
1913,0.14333333333333334
16404,0.05333333333333334
17036,0.18333333333333332
15142,0.21666666666666667
13844,0.22
8719,0.4033333333333333
25458,0.3933333333333333
19270,0.18666666666666668
5814,0.8933333333333333
16645,0.24666666666666667
28613,0.13
5502,0.07
23411,0.18
8893,0.09333333333333334
5617,0.7166666666666667
16544,0.32
28433,0.22333333333333333
87,0.25333333333333335
8441,0.31
24953,0.16
26824,0.18
5473,0.15
31847,0.07666666666666666
23672,0.4
28788,0.32
13612,0.5966666666666667
7551,0.26
24616,0.08333333333333333
13158,0.21333333333333335
19178,0.38
6872,0.38333333333333336
12263,0.33666666666666667
14882,0.07
4981,0.18333333333333332
7288,0.11666666666666667
21566,0.7766666666666666
497,0.023333333333333334
22701,0.48
2780,0.34
20076,0.5666666666666667
21573,0.31666666666666665
16749,0.23
31844,0.21666666666666667
13566,0.6866666666666666
10541,0.6
13577,0.6333333333333333
21145,0.016666666666666666
2843,0.4066666666666667
7039,0.09666666666666666
22322,0.10333333333333333
27874,0.6833333333333333
19601,0.12
13778,0.25666666666666665
29521,0.49
13,0.2866666666666667
27320,0.21333333333333335
15490,0.15
19062,0.20666666666666667
26330,0.6433333333333333
52,0.14666666666666667
751,0.9633333333333334
618,0.38333333333333336
17431,0.33666666666666667
15632,0.7566666666666667
23506,0.35333333333333333
12673,0.2
9007,0.10333333333333333
24255,0.1
6750,0.07333333333333333
18508,0.44
14114,0.43666666666666665
30366,0.4
8892,0.4033333333333333
22109,0.5666666666666667
22344,0.92
16796,0.06
4724,0.14666666666666667
32246,0.09333333333333334
6826,0.85
28198,0.20666666666666667
30010,0.056666666666666664
5876,0.5466666666666666
23641,0.22666666666666666
23062,0.18
8297,0.31
26253,0.36666666666666664
2254,0.37
8753,0.20333333333333334
12726,0.2
26959,0.21
23075,0.06666666666666667
23129,0.18666666666666668
14760,0.33
7916,0.08
14330,0.24333333333333335
7168,0.21
24829,0.18666666666666668
23307,0.6566666666666666
24964,0.83
26326,0.17666666666666667
19266,0.19
15567,0.22
26360,0.06666666666666667
827,0.42333333333333334
26810,0.11666666666666667
9634,0.22666666666666666
13366,0.20333333333333334
6466,0.7533333333333333
252,0.056666666666666664
17753,0.66
10220,0.23333333333333334
10852,0.4666666666666667
28756,0.17666666666666667
15077,0.3466666666666667
16217,0.26666666666666666
28011,0.056666666666666664
30599,0.11333333333333333
16292,0.8133333333333334
28550,0.32666666666666666
25780,0.29333333333333333
15125,0.12
17266,0.22333333333333333
16794,0.11
33223,0.8366666666666667
16643,0.09333333333333334
21474,0.41333333333333333
4813,0.39666666666666667
27261,0.25333333333333335
15690,0.16666666666666666
6683,0.7966666666666666
2286,0.9166666666666666
20797,0.07
8436,0.2
17649,0.10333333333333333
23324,0.04
27259,0.006666666666666667
27315,0.2
25156,0.19333333333333333
3745,0.04666666666666667
21574,0.14
1359,0.13666666666666666
163,0.49333333333333335
990,0.08333333333333333
27936,0.35333333333333333
32575,0.013333333333333334
30850,0.15
1917,0.02
11184,0.8866666666666667
31814,0.5466666666666666
21313,0.27
3856,0.02666666666666667
5161,0.24666666666666667
20277,0.43333333333333335
8177,0.26666666666666666
30976,0.59
5356,0.37666666666666665
3269,0.19
27309,0.16333333333333333
27231,0.24666666666666667
12911,0.11
24646,0.20333333333333334
1800,0.35
18678,0.24333333333333335
1830,0.67
18858,0.22
30105,0.12
21858,0.3
12183,0.26
24287,0.6766666666666666
22923,0.3433333333333333
10521,0.11666666666666667
9261,0.65
5995,0.13
10679,0.97
30125,0.19666666666666666
12357,0.1
23995,0.09666666666666666
6370,0.13666666666666666
452,0.02
5068,0.056666666666666664
25693,0.07333333333333333
22301,0.25
30841,0.32666666666666666
30230,0.013333333333333334
14517,0.08666666666666667
32654,0.02
12129,0.006666666666666667
23372,0.2733333333333333
25846,0.14333333333333334
12132,0.07
13384,0.03
32739,0.68
28378,0.5133333333333333
6392,0.05
19198,0.6833333333333333
27137,0.5166666666666667
23827,0.45
18279,0.37333333333333335
8051,0.27666666666666667
20993,0.25
26049,0.4
16040,0.03333333333333333
31825,0.66
28261,0.13333333333333333
16201,0.17666666666666667
1723,0.55
10643,0.29333333333333333
8018,0.31333333333333335
14842,0.3933333333333333
28903,0.05333333333333334
18243,0.16333333333333333
31390,0.21
15035,0.22666666666666666
29319,0.8133333333333334
19771,0.24666666666666667
6481,0.05333333333333334
7058,0.18666666666666668
4659,0.23
18892,0.15
31562,0.07333333333333333
31470,0.59
13342,0.7133333333333334
20411,0.82
18307,0.2733333333333333
15948,0.36
6029,0.4633333333333333
17843,0.12
28578,0.14
14712,0.20666666666666667
17044,0.03666666666666667
9125,0.11
26041,0.06333333333333334
17320,0.7133333333333334
6277,0.27
16716,0.3233333333333333
1823,0.9366666666666666
21880,0.14333333333333334
20905,0.18666666666666668
4395,0.16
32028,0.29333333333333333
33348,0.4866666666666667
11723,0.09
26803,0.2633333333333333
17677,0.11333333333333333
11636,0.15333333333333332
19740,0.23333333333333334
5570,0.78
3080,0.08666666666666667
12486,0.2733333333333333
25150,0.24
5558,0.5333333333333333
9571,0.36333333333333334
25531,0.04
27867,0.006666666666666667
16062,0.27666666666666667
240,0.14333333333333334
23095,0.21333333333333335
30615,0.12666666666666668
8914,0.38
23807,0.33666666666666667
3431,0.32
17529,0.73
8344,0.023333333333333334
981,0.12666666666666668
4196,0.08
14107,0.016666666666666666
15743,0.07666666666666666
32779,0.24333333333333335
25288,0.8366666666666667
29387,0.08666666666666667
19824,0.08666666666666667
6960,0.17666666666666667
22370,0.6966666666666667
16786,0.57
10622,0.31333333333333335
30060,0.5033333333333333
28361,0.18666666666666668
32305,0.31
9347,0.4533333333333333
16692,0.07333333333333333
9222,0.23666666666666666
28120,0.19333333333333333
3490,0.76
7743,0.13
10744,0.04
9128,0.20666666666666667
17304,0.16666666666666666
33209,0.6766666666666666
11783,0.79
14383,0.34
1225,0.14333333333333334
13631,0.10666666666666667
33301,0.43333333333333335
2554,0.07333333333333333
27618,0.17
19396,0.06666666666666667
28128,0.24
17185,0.5166666666666667
8714,0.30333333333333334
30281,0.07666666666666666
1472,0.01
4104,0.03
15600,0.25666666666666665
27811,0.28
33180,0.08
33194,0.2733333333333333
4314,0.5233333333333333
26906,0.03666666666666667
24159,0.13
7512,0.10666666666666667
16030,0.07333333333333333
2959,0.04666666666666667
32966,0.74
20442,0.09666666666666666
17380,0.57
25484,0.1
31288,0.24
12272,0.19333333333333333
30289,0.15333333333333332
25002,0.3433333333333333
19193,0.08666666666666667
29847,0.3
20062,0.03
2198,0.8533333333333334
198,0.02
265,0.07333333333333333
22204,0.14333333333333334
20901,0.2966666666666667
29487,0.20333333333333334
9240,0.38
24896,0.08833333333333333
23124,0.21333333333333335
14418,0.4866666666666667
5142,0.016666666666666666
7437,0.17666666666666667
1566,0.3333333333333333
20197,0.023333333333333334
31865,0.17
28674,0.023333333333333334
13287,0.26
24763,0.5466666666666666
23652,0.24333333333333335
6512,0.93
21472,0.8766666666666667
8155,0.30333333333333334
16433,0.24333333333333335
14317,0.14
11704,0.32666666666666666
8355,0.28
29035,0.32
23316,0.03
10326,0.0963095238095238
897,0.23666666666666666
4608,0.45666666666666667
8882,0.27666666666666667
10,0.30333333333333334
24524,0.10333333333333333
31195,0.34
29662,0.14666666666666667
868,0.14333333333333334
23476,0.043333333333333335
14556,0.7666666666666667
13481,0.22
30032,0.14333333333333334
3581,0.23666666666666666
18435,0.83
23530,0.5966666666666667
12559,0.13666666666666666
28451,0.14
31573,0.09
27380,0.09
10557,0.49333333333333335
15976,0.24333333333333335
13934,0.09
6561,0.07666666666666666
20325,0.17333333333333334
16446,0.4
4323,0.28
4936,0.12
764,0.7933333333333333
33129,0.09333333333333334
9259,0.13
18480,0.08
18042,0.09666666666666666
14399,0.14
4241,0.12333333333333334
29802,0.19333333333333333
8668,0.09666666666666666
32965,0.30666666666666664
914,0.34
5667,0.4766666666666667
2252,0.06666666666666667
24019,0.1
16465,0.13333333333333333
15314,0.36666666666666664
18641,0.16333333333333333
23232,0.24333333333333335
15493,0.7033333333333334
14359,0.8166666666666667
21996,0.10666666666666667
24320,0.31
33170,0.10666666666666667
2443,0.4166666666666667
30818,0.09
3714,0.13666666666666666
26166,0.09333333333333334
14228,0.016666666666666666
15912,0.3333333333333333
3308,0.14333333333333334
30112,0.8066666666666666
9743,0.12
26999,0.77
436,0.4533333333333333
15814,0.25666666666666665
30695,0.61
23397,0.6166666666666667
12714,0.13333333333333333
4650,0.06333333333333334
9141,0.09666666666666666
22899,0.1
29666,0.16333333333333333
2822,0.22333333333333333
5815,0.08333333333333333
33245,0.5
29473,0.57
30964,0.33
2989,0.03333333333333333
20713,0.82
30654,0.75
5618,0.74
22954,0.20666666666666667
718,0.26
16879,0.22666666666666666
18092,0.45666666666666667
19330,0.0033333333333333335
1932,0.03666666666666667
28038,0.17
13186,0.34
13749,0.25666666666666665
14897,0.016666666666666666
10934,0.27666666666666667
31502,0.03666666666666667
13190,0.13
6973,0.09
4092,0.16666666666666666
10347,0.08666666666666667
26264,0.43333333333333335
26979,0.14
11305,0.25
24007,0.15333333333333332
1833,0.64
25187,0.023333333333333334
16086,0.05333333333333334
2023,0.53
31290,0.25
2225,0.05
10157,0.06333333333333334
23166,0.07666666666666666
19450,0.19333333333333333
18269,0.25
25270,0.1
345,0.11333333333333333
1882,0.37666666666666665
22822,0.03333333333333333
2584,0.09333333333333334
20857,0.29333333333333333
10931,0.14
1364,0.07333333333333333
9190,0.44666666666666666
5872,0.24333333333333335
12495,0.18
4118,0.17666666666666667
30524,0.12666666666666668
25631,0.5466666666666666
16535,0.16333333333333333
17571,0.023333333333333334
30628,0.09
27620,0.06666666666666667
18507,0.023333333333333334
14959,0.09
17136,0.11333333333333333
19763,0.71
33022,0.06333333333333334
4966,0.04666666666666667
10463,0.5166666666666667
9123,0.20666666666666667
10366,0.18666666666666668
22911,0.47333333333333333
23993,0.2866666666666667
12009,0.22666666666666666
782,0.2966666666666667
22898,0.07666666666666666
28227,0.043333333333333335
10067,0.22
23283,0.34
9081,0.8833333333333333
11838,0.11666666666666667
6797,0.22666666666666666
24129,0.26
13094,0.21666666666666667
25839,0.04
23351,0.6666666666666666
18454,0.38666666666666666
9131,0.17333333333333334
8099,0.10666666666666667
25507,0.05333333333333334
1230,0.11
29509,0.11666666666666667
2577,0.25
6543,0.01
5881,0.23
18662,0.22
15710,0.0
14134,0.06333333333333334
4142,0.22666666666666666
29106,0.27
30480,0.35333333333333333
20313,0.06
14100,0.05333333333333334
3531,0.37
11047,0.05333333333333334
27497,0.16
16022,0.03666666666666667
21445,0.6733333333333333
1109,0.2966666666666667
29361,0.07
844,0.23666666666666666
22276,0.24666666666666667
23623,0.09666666666666666
13166,0.17
20464,0.08
16565,0.2733333333333333
17416,0.20666666666666667
19382,0.30333333333333334
30485,0.06333333333333334
10270,0.09666666666666666
14188,0.6433333333333333
20007,0.11
10738,0.25666666666666665
169,0.06333333333333334
5074,0.38
25349,0.006666666666666667
30882,0.24666666666666667
5920,0.13333333333333333
4219,0.19
8667,0.21666666666666667
31705,0.4266666666666667
4415,0.3233333333333333
33057,0.1
6482,0.17333333333333334
3279,0.7333333333333333
6445,0.22333333333333333
19255,0.6366666666666667
4244,0.09
3174,0.10666666666666667
4045,0.20333333333333334
7765,0.2733333333333333
3905,0.24333333333333335
25346,0.056666666666666664
9598,0.2633333333333333
22988,0.05333333333333334
21218,0.25666666666666665
16059,0.06333333333333334
20559,0.16666666666666666
26421,0.8
27349,0.3566666666666667
25856,0.35333333333333333
16320,0.6566666666666666
19695,0.22
7205,0.06666666666666667
12349,0.43
11422,0.27
32462,0.07333333333333333
30483,0.26666666666666666
23925,0.056666666666666664
31255,0.13666666666666666
30261,0.03666666666666667
8244,0.44666666666666666
28389,0.33666666666666667
17042,0.25
18068,0.14666666666666667
10274,0.23
15076,0.04666666666666667
3728,0.16333333333333333
21131,0.3
25785,0.016666666666666666
21527,0.5433333333333333
22105,0.30333333333333334
8764,0.0033333333333333335
28510,0.7366666666666667
13311,0.49
918,0.27666666666666667
32298,0.89
30076,0.016666666666666666
1973,0.6933333333333334
11352,0.013333333333333334
5604,0.5833333333333334
3569,0.04
32647,0.02666666666666667
24790,0.24666666666666667
24736,0.85
12985,0.04
19386,0.23666666666666666
27727,0.21333333333333335
19147,0.42
22833,0.3466666666666667
5500,0.2866666666666667
6408,0.23
9323,0.06
10335,0.04666666666666667
1740,0.17
13496,0.45666666666666667
733,0.30666666666666664
10286,0.2
10731,0.09
27157,0.6
30618,0.36333333333333334
9992,0.29
16600,0.10333333333333333
15470,0.21666666666666667
5692,0.47
4385,0.52
20209,0.49666666666666665
23266,0.10333333333333333
1496,0.043333333333333335
7580,0.056666666666666664
32477,0.06
20630,0.18666666666666668
22377,0.07666666666666666
458,0.21666666666666667
19953,0.33666666666666667
32723,0.5933333333333334
1700,0.78
3258,0.06666666666666667
4482,0.02666666666666667
26622,0.7966666666666666
16815,0.25333333333333335
8585,0.14333333333333334
25235,0.6533333333333333
3759,0.056666666666666664
28097,0.11
25360,0.4033333333333333
21115,0.2833333333333333
4622,0.09333333333333334
12124,0.27666666666666667
32737,0.11666666666666667
21556,0.78
24332,0.023333333333333334
3867,0.13
24747,0.16666666666666666
8634,0.10333333333333333
27546,0.02
27406,0.10333333333333333
3662,0.19
116,0.18666666666666668
3924,0.13666666666666666
8915,0.03666666666666667
6681,0.7683333333333333
8967,0.19666666666666666
11099,0.68
30416,0.043333333333333335
22252,0.09
18753,0.06333333333333334
20820,0.11333333333333333
10094,0.27666666666666667
30737,0.2966666666666667
27101,0.95
11069,0.9066666666666666
8929,0.17333333333333334
16545,0.06666666666666667
32714,0.64
31484,0.12666666666666668
18623,0.6533333333333333
22787,0.08666666666666667
30059,0.46
16283,0.91
28769,0.10333333333333333
33043,0.21
28403,0.013333333333333334
1759,0.24333333333333335
2410,0.06333333333333334
5919,0.14333333333333334
17138,0.76
14696,0.79
13814,0.27666666666666667
4070,0.17666666666666667
31729,0.06666666666666667
20238,0.22
10430,0.23333333333333334
32986,0.26
7975,0.09
25754,0.30333333333333334
4442,0.18
5495,0.19
19548,0.26
26060,0.35333333333333333
12429,0.22666666666666666
28240,0.30666666666666664
11326,0.02
33266,0.17
4220,0.17
22321,0.18
2533,0.32
1326,0.14
9167,0.36
14151,0.7833333333333333
7384,0.2966666666666667
25428,0.08666666666666667
17823,0.65
8181,0.05333333333333334
4930,0.19666666666666666
22807,0.06333333333333334
20971,0.15333333333333332
19354,0.14
17080,0.09333333333333334
3853,0.28
23071,0.05333333333333334
30354,0.64
13391,0.47
16625,0.6
15935,0.09666666666666666
10747,0.013333333333333334
1149,0.38666666666666666
29716,0.07666666666666666
15322,0.1
20454,0.35333333333333333
5530,0.11333333333333333
20341,0.02666666666666667
12839,0.57
23613,0.39
3695,0.03333333333333333
15439,0.19
7736,0.27666666666666667
14803,0.15
17362,0.8266666666666667
20052,0.22
25550,0.2866666666666667
12662,0.043333333333333335
24785,0.15666666666666668
32176,0.4066666666666667
26093,0.19333333333333333
23499,0.13
20576,0.023333333333333334
10605,0.056666666666666664
31931,0.21
20501,0.13333333333333333
18360,0.03333333333333333
13731,0.19666666666666666
5721,0.15666666666666668
3910,0.06666666666666667
27859,0.07333333333333333
17774,0.49
18626,0.5833333333333334
26780,0.29
12823,0.12
30098,0.043333333333333335
11378,0.3433333333333333
30711,0.08333333333333333
12847,0.09
3082,0.02666666666666667
29089,0.11666666666666667
2523,0.25666666666666665
17383,0.78
24220,0.17
8786,0.17333333333333334
3289,0.25
1671,0.07666666666666666
26314,0.22666666666666666
12657,0.18333333333333332
10008,0.25
31581,0.19666666666666666
30070,0.14666666666666667
8006,0.006666666666666667
31092,0.7666666666666667
12780,0.4033333333333333
17510,0.056666666666666664
1064,0.18666666666666668
20828,0.37
17351,0.30333333333333334
27869,0.8933333333333333
2229,0.11666666666666667
30527,0.21
27721,0.2633333333333333
22122,0.08
4400,0.12
31586,0.1
23280,0.44666666666666666
6424,0.043333333333333335
17492,0.4533333333333333
21751,0.27
5034,0.44666666666666666
23654,0.2
7199,0.30666666666666664
27138,0.09666666666666666
607,0.11666666666666667
21524,0.73
31121,0.47
16064,0.04666666666666667
2385,0.24666666666666667
29755,0.9066666666666666
31350,0.04
23475,0.11333333333333333
2865,0.006666666666666667
4996,0.25333333333333335
23065,0.25
10398,0.11
7995,0.22
19479,0.35333333333333333
21507,0.24
2549,0.03
21171,0.07333333333333333
24751,0.13333333333333333
12902,0.29
23380,0.27666666666666667
9534,0.03333333333333333
28969,0.02
7698,0.04
14058,0.35
27081,0.22666666666666666
26961,0.12
19709,0.08666666666666667
6156,0.06
19834,0.6333333333333333
15979,0.4033333333333333
20131,0.5833333333333334
22142,0.35
27087,0.07
4419,0.25666666666666665
27660,0.14333333333333334
7890,0.75
9847,0.09333333333333334
20973,0.19666666666666666
23113,0.29
10549,0.87
11418,0.24666666666666667
24626,0.09666666666666666
29997,0.03
23165,0.14333333333333334
31372,0.36666666666666664
2461,0.06666666666666667
6348,0.27666666666666667
4406,0.031111111111111107
21928,0.17333333333333334
27638,0.21333333333333335
31344,0.09333333333333334
17723,0.29333333333333333
26406,0.10666666666666667
31005,0.22
11944,0.21
28778,0.2
18635,0.25333333333333335
14164,0.03333333333333333
23353,0.6066666666666667
22286,0.25333333333333335
12922,0.51
17889,0.9333333333333333
22794,0.7533333333333333
27378,0.013333333333333334
5119,0.78
2764,0.11666666666666667
14299,0.06333333333333334
31747,0.2633333333333333
10668,0.24333333333333335
15349,0.08666666666666667
23192,0.5033333333333333
26983,0.15666666666666668
33195,0.09666666666666666
5948,0.42
9052,0.4666666666666667
29258,0.22
11765,0.04
4175,0.08333333333333333
21,0.3933333333333333
15318,0.4533333333333333
27673,0.14333333333333334
12452,0.4666666666666667
9278,0.6533333333333333
13568,0.20333333333333334
29951,0.4166666666666667
25473,0.09333333333333334
30444,0.07333333333333333
27279,0.04666666666666667
31592,0.25
25355,0.13
19663,0.6766666666666666
20548,0.32
20387,0.37333333333333335
22166,0.47
8950,0.023333333333333334
26973,0.02666666666666667
6992,0.15333333333333332
23151,0.17
24090,0.95
18366,0.6233333333333333
15173,0.32666666666666666
23856,0.14666666666666667
27904,0.17666666666666667
11480,0.16
5352,0.08333333333333333
7982,0.27
1222,0.13
8191,0.4766666666666667
15776,0.15333333333333332
20036,0.25666666666666665
3832,0.23666666666666666
21481,0.6066666666666667
22016,0.65
30324,0.20666666666666667
15616,0.09333333333333334
24263,0.26
6877,0.07
24228,0.24333333333333335
6495,0.8433333333333334
19030,0.18
10672,0.31333333333333335
16473,0.12
14943,0.11
30091,0.02
6097,0.2633333333333333
19795,0.26
3949,0.31666666666666665
12267,0.02666666666666667
16739,0.04666666666666667
18304,0.69
22071,0.02666666666666667
8792,0.27
10845,0.2
9969,0.19666666666666666
26499,0.23333333333333334
2095,0.20666666666666667
30954,0.16666666666666666
2880,0.26
71,0.2966666666666667
31734,0.81
19579,0.8766666666666667
21336,0.10333333333333333
8389,0.09
4237,0.38666666666666666
10779,0.9366666666666666
15046,0.14333333333333334
25945,0.04666666666666667
23664,0.06333333333333334
14352,0.37
17739,0.8433333333333334
17848,0.03666666666666667
32430,0.12333333333333334
10051,0.2966666666666667
14729,0.07333333333333333
21070,0.4033333333333333
16316,0.2
26208,0.33
3755,0.2866666666666667
1564,0.72
1353,0.33666666666666667
11798,0.2966666666666667
21921,0.016666666666666666
336,0.31
26061,0.37666666666666665
15015,0.15333333333333332
18510,0.54
14903,0.24
8789,0.14666666666666667
509,0.21666666666666667
29121,0.3433333333333333
23287,0.1
1966,0.08
10586,0.7666666666666667
6832,0.3433333333333333
6453,0.32666666666666666
31811,0.21666666666666667
29177,0.39666666666666667
11865,0.2733333333333333
861,0.03666666666666667
16229,0.016666666666666666
29181,0.13666666666666666
10058,0.36
5328,0.6433333333333333
30268,0.5033333333333333
30457,0.17
9859,0.6133333333333333
7798,0.056666666666666664
3454,0.43666666666666665
13950,0.03666666666666667
30990,0.8033333333333333
11421,0.7833333333333333
9982,0.11
19615,0.2966666666666667
17929,0.006666666666666667
10871,0.0
31261,0.7933333333333333
28768,0.7533333333333333
2192,0.18666666666666668
614,0.03666666666666667
935,0.2833333333333333
15655,0.18666666666666668
4891,0.14666666666666667
13703,0.35333333333333333
18548,0.66
19941,0.07666666666666666
29134,0.11666666666666667
20749,0.37333333333333335
24343,0.5166666666666667
14065,0.19666666666666666
25049,0.86
19253,0.17666666666666667
1673,0.2733333333333333
24745,0.4633333333333333
1552,0.09333333333333334
32078,0.10333333333333333
22495,0.08666666666666667
6926,0.33
21477,0.41
11186,0.25666666666666665
20669,0.16666666666666666
13528,0.43333333333333335
16279,0.79
284,0.23666666666666666
6324,0.11333333333333333
4912,0.4066666666666667
7833,0.23333333333333334
5978,0.7033333333333334
25078,0.47333333333333333
32209,0.35333333333333333
31960,0.13
20398,0.5533333333333333
26147,0.23
11206,0.16666666666666666
30327,0.31333333333333335
3112,0.20666666666666667
7655,0.64
30447,0.30333333333333334
27922,0.29333333333333333
25512,0.25
5813,0.2
27205,0.14666666666666667
25834,0.006666666666666667
23942,0.09666666666666666
13504,0.08666666666666667
11003,0.14
11366,0.46
4570,0.71
12765,0.08333333333333333
7226,0.07666666666666666
293,0.11666666666666667
20158,0.5633333333333334
17408,0.03333333333333333
9928,0.10333333333333333
30411,0.05333333333333334
32644,0.06333333333333334
26986,0.35
23443,0.25333333333333335
11773,0.8166666666666667
14700,0.5533333333333333
28196,0.14666666666666667
14235,0.016666666666666666
24205,0.31
23173,0.37333333333333335
29820,0.05333333333333334
31109,0.43
31125,0.10333333333333333
21585,0.7666666666666667
18637,0.31333333333333335
14453,0.5033333333333333
33271,0.27
31540,0.6666666666666666
23496,0.7266666666666667
19544,0.44333333333333336
726,0.10333333333333333
21867,0.4633333333333333
33293,0.33
30110,0.09333333333333334
24545,0.4166666666666667
7151,0.22666666666666666
24805,0.07
10658,0.4766666666666667
5054,0.18
2293,0.7233333333333334
2365,0.05
32781,0.9466666666666667
31608,0.14
8836,0.056666666666666664
1808,0.4866666666666667
27918,0.21333333333333335
13234,0.30666666666666664
3416,0.043333333333333335
13758,0.10666666666666667
5802,0.14
21938,0.02666666666666667
9394,0.76
13885,0.08333333333333333
8179,0.11333333333333333
31701,0.02
538,0.30666666666666664
13558,0.26
4701,0.013333333333333334
31457,0.25666666666666665
16332,0.20666666666666667
17328,0.17333333333333334
12026,0.4166666666666667
24952,0.24
11689,0.09666666666666666
27144,0.30666666666666664
8880,0.52
7886,0.03333333333333333
12279,0.12666666666666668
5326,0.11333333333333333
4017,0.03
